61041160,CHERY,TWOMEY,9574 OMEARA PKWY,ROCKFORD,55373
416775920,SANDIE,NIGRO,6743 CADDELL RD,PIERZ,56364
519809487,ALESHIA,FINGER,5544 MCKINZIE BLVD,BLOOMINGTON,55435
19574161,CHANELLE,MCCOURT,7622 MARIANO PKWY,BLOOMINGTON,55425
61041160,CHERY,TWOMEY,9574 OMEARA PKWY,ROCKFORD,55373
416775920,SANDIE,NIGRO,6743 CADDELL RD,PIERZ,56364
519809487,ALESHIA,FINGER,5544 MCKINZIE BLVD,BLOOMINGTON,55435
19574161,CHANELLE,MCCOURT,7622 MARIANO PKWY,BLOOMINGTON,55425
61041160,CHERY,TWOMEY,9574 OMEARA PKWY,ROCKFORD,55373
416775920,SANDIE,NIGRO,6743 CADDELL RD,PIERZ,56364
519809487,ALESHIA,FINGER,5544 MCKINZIE BLVD,BLOOMINGTON,55435
19574161,CHANELLE,MCCOURT,7622 MARIANO PKWY,BLOOMINGTON,55425
