309969937,TWANNA,HURDLE,3306 SAARI ST,CORMORANT,56572
12713045,YULANDA,MARROW,8211 PENDLEY BLVD,SOUDAN,55782
420741555,SHERYLL,BLACKMORE,8091 DUDEK ST,BEARDSLEY,56211
354642886,AMBERLY,HUSTED,621 JOUBERT ST,HENNING,56551
309969937,TWANNA,HURDLE,3306 SAARI ST,CORMORANT,56572
12713045,YULANDA,MARROW,8211 PENDLEY BLVD,SOUDAN,55782
420741555,SHERYLL,BLACKMORE,8091 DUDEK ST,BEARDSLEY,56211
354642886,AMBERLY,HUSTED,621 JOUBERT ST,HENNING,56551
309969937,TWANNA,HURDLE,3306 SAARI ST,CORMORANT,56572
12713045,YULANDA,MARROW,8211 PENDLEY BLVD,SOUDAN,55782
420741555,SHERYLL,BLACKMORE,8091 DUDEK ST,BEARDSLEY,56211
354642886,AMBERLY,HUSTED,621 JOUBERT ST,HENNING,56551
